{"frames": {

"block1.png":
{
	"frame": {"x":62,"y":0,"w":15,"h":16},
	"rotated": false,
	"trimmed": false,
	"spriteSourceSize": {"x":0,"y":0,"w":15,"h":16},
	"sourceSize": {"w":15,"h":16}
},
"block2.png":
{
	"frame": {"x":77,"y":0,"w":16,"h":16},
	"rotated": false,
	"trimmed": false,
	"spriteSourceSize": {"x":0,"y":0,"w":16,"h":16},
	"sourceSize": {"w":16,"h":16}
},
"bmario1.png":
{
	"frame": {"x":60,"y":72,"w":16,"h":30},
	"rotated": false,
	"trimmed": false,
	"spriteSourceSize": {"x":0,"y":0,"w":16,"h":30},
	"sourceSize": {"w":16,"h":30}
},
"bmario2.png":
{
	"frame": {"x":137,"y":72,"w":14,"h":31},
	"rotated": false,
	"trimmed": false,
	"spriteSourceSize": {"x":0,"y":0,"w":14,"h":31},
	"sourceSize": {"w":14,"h":31}
},
"bmario3.png":
{
	"frame": {"x":14,"y":103,"w":16,"h":32},
	"rotated": false,
	"trimmed": false,
	"spriteSourceSize": {"x":0,"y":0,"w":16,"h":32},
	"sourceSize": {"w":16,"h":32}
},
"bmariocrouch.png":
{
	"frame": {"x":79,"y":48,"w":16,"h":22},
	"rotated": false,
	"trimmed": false,
	"spriteSourceSize": {"x":0,"y":0,"w":16,"h":22},
	"sourceSize": {"w":16,"h":22}
},
"bmariodir.png":
{
	"frame": {"x":30,"y":103,"w":16,"h":32},
	"rotated": false,
	"trimmed": false,
	"spriteSourceSize": {"x":0,"y":0,"w":16,"h":32},
	"sourceSize": {"w":16,"h":32}
},
"bmarioflag1.png":
{
	"frame": {"x":76,"y":72,"w":15,"h":30},
	"rotated": false,
	"trimmed": false,
	"spriteSourceSize": {"x":0,"y":0,"w":15,"h":30},
	"sourceSize": {"w":15,"h":30}
},
"bmarioflag2.png":
{
	"frame": {"x":32,"y":72,"w":14,"h":27},
	"rotated": false,
	"trimmed": false,
	"spriteSourceSize": {"x":0,"y":0,"w":14,"h":27},
	"sourceSize": {"w":14,"h":27}
},
"bmariojump.png":
{
	"frame": {"x":46,"y":103,"w":16,"h":32},
	"rotated": false,
	"trimmed": false,
	"spriteSourceSize": {"x":0,"y":0,"w":16,"h":32},
	"sourceSize": {"w":16,"h":32}
},
"bmarioneutral.png":
{
	"frame": {"x":62,"y":103,"w":16,"h":32},
	"rotated": false,
	"trimmed": false,
	"spriteSourceSize": {"x":0,"y":0,"w":16,"h":32},
	"sourceSize": {"w":16,"h":32}
},
"coin1.png":
{
	"frame": {"x":93,"y":0,"w":14,"h":16},
	"rotated": false,
	"trimmed": false,
	"spriteSourceSize": {"x":0,"y":0,"w":14,"h":16},
	"sourceSize": {"w":14,"h":16}
},
"coin2.png":
{
	"frame": {"x":107,"y":0,"w":14,"h":16},
	"rotated": false,
	"trimmed": false,
	"spriteSourceSize": {"x":0,"y":0,"w":14,"h":16},
	"sourceSize": {"w":14,"h":16}
},
"coin3.png":
{
	"frame": {"x":121,"y":0,"w":14,"h":16},
	"rotated": false,
	"trimmed": false,
	"spriteSourceSize": {"x":0,"y":0,"w":14,"h":16},
	"sourceSize": {"w":14,"h":16}
},
"coin4.png":
{
	"frame": {"x":135,"y":0,"w":14,"h":16},
	"rotated": false,
	"trimmed": false,
	"spriteSourceSize": {"x":0,"y":0,"w":14,"h":16},
	"sourceSize": {"w":14,"h":16}
},
"fireflower.png":
{
	"frame": {"x":0,"y":16,"w":16,"h":16},
	"rotated": false,
	"trimmed": false,
	"spriteSourceSize": {"x":0,"y":0,"w":16,"h":16},
	"sourceSize": {"w":16,"h":16}
},
"fmario1.png":
{
	"frame": {"x":91,"y":72,"w":16,"h":30},
	"rotated": false,
	"trimmed": false,
	"spriteSourceSize": {"x":0,"y":0,"w":16,"h":30},
	"sourceSize": {"w":16,"h":30}
},
"fmario2.png":
{
	"frame": {"x":107,"y":72,"w":16,"h":30},
	"rotated": false,
	"trimmed": false,
	"spriteSourceSize": {"x":0,"y":0,"w":16,"h":30},
	"sourceSize": {"w":16,"h":30}
},
"fmario3.png":
{
	"frame": {"x":0,"y":103,"w":14,"h":31},
	"rotated": false,
	"trimmed": false,
	"spriteSourceSize": {"x":0,"y":0,"w":14,"h":31},
	"sourceSize": {"w":14,"h":31}
},
"fmario4.png":
{
	"frame": {"x":78,"y":103,"w":16,"h":32},
	"rotated": false,
	"trimmed": false,
	"spriteSourceSize": {"x":0,"y":0,"w":16,"h":32},
	"sourceSize": {"w":16,"h":32}
},
"fmariocrouch.png":
{
	"frame": {"x":95,"y":48,"w":16,"h":22},
	"rotated": false,
	"trimmed": false,
	"spriteSourceSize": {"x":0,"y":0,"w":16,"h":22},
	"sourceSize": {"w":16,"h":22}
},
"fmariodir.png":
{
	"frame": {"x":94,"y":103,"w":16,"h":32},
	"rotated": false,
	"trimmed": false,
	"spriteSourceSize": {"x":0,"y":0,"w":16,"h":32},
	"sourceSize": {"w":16,"h":32}
},
"fmarioflag1.png":
{
	"frame": {"x":123,"y":72,"w":14,"h":30},
	"rotated": false,
	"trimmed": false,
	"spriteSourceSize": {"x":0,"y":0,"w":14,"h":30},
	"sourceSize": {"w":14,"h":30}
},
"fmarioflag2.png":
{
	"frame": {"x":46,"y":72,"w":14,"h":29},
	"rotated": false,
	"trimmed": false,
	"spriteSourceSize": {"x":0,"y":0,"w":14,"h":29},
	"sourceSize": {"w":14,"h":29}
},
"fmariojump.png":
{
	"frame": {"x":110,"y":103,"w":16,"h":32},
	"rotated": false,
	"trimmed": false,
	"spriteSourceSize": {"x":0,"y":0,"w":16,"h":32},
	"sourceSize": {"w":16,"h":32}
},
"fmarioneutral.png":
{
	"frame": {"x":126,"y":103,"w":16,"h":32},
	"rotated": false,
	"trimmed": false,
	"spriteSourceSize": {"x":0,"y":0,"w":16,"h":32},
	"sourceSize": {"w":16,"h":32}
},
"goomba3.png":
{
	"frame": {"x":0,"y":0,"w":16,"h":8},
	"rotated": false,
	"trimmed": false,
	"spriteSourceSize": {"x":0,"y":0,"w":16,"h":8},
	"sourceSize": {"w":16,"h":8}
},
"goombaL.png":
{
	"frame": {"x":16,"y":16,"w":16,"h":16},
	"rotated": false,
	"trimmed": false,
	"spriteSourceSize": {"x":0,"y":0,"w":16,"h":16},
	"sourceSize": {"w":16,"h":16}
},
"goombaR.png":
{
	"frame": {"x":32,"y":16,"w":16,"h":16},
	"rotated": false,
	"trimmed": false,
	"spriteSourceSize": {"x":0,"y":0,"w":16,"h":16},
	"sourceSize": {"w":16,"h":16}
},
"hblock1.png":
{
	"frame": {"x":48,"y":16,"w":16,"h":16},
	"rotated": false,
	"trimmed": false,
	"spriteSourceSize": {"x":0,"y":0,"w":16,"h":16},
	"sourceSize": {"w":16,"h":16}
},
"hblock2.png":
{
	"frame": {"x":64,"y":16,"w":16,"h":16},
	"rotated": false,
	"trimmed": false,
	"spriteSourceSize": {"x":0,"y":0,"w":16,"h":16},
	"sourceSize": {"w":16,"h":16}
},
"hblock3.png":
{
	"frame": {"x":80,"y":16,"w":16,"h":16},
	"rotated": false,
	"trimmed": false,
	"spriteSourceSize": {"x":0,"y":0,"w":16,"h":16},
	"sourceSize": {"w":16,"h":16}
},
"hitblock.png":
{
	"frame": {"x":96,"y":16,"w":16,"h":16},
	"rotated": false,
	"trimmed": false,
	"spriteSourceSize": {"x":0,"y":0,"w":16,"h":16},
	"sourceSize": {"w":16,"h":16}
},
"koopa1.png":
{
	"frame": {"x":111,"y":48,"w":16,"h":23},
	"rotated": false,
	"trimmed": false,
	"spriteSourceSize": {"x":0,"y":0,"w":16,"h":23},
	"sourceSize": {"w":16,"h":23}
},
"koopa2.png":
{
	"frame": {"x":127,"y":48,"w":16,"h":24},
	"rotated": false,
	"trimmed": false,
	"spriteSourceSize": {"x":0,"y":0,"w":16,"h":24},
	"sourceSize": {"w":16,"h":24}
},
"koopah1.png":
{
	"frame": {"x":112,"y":16,"w":16,"h":16},
	"rotated": false,
	"trimmed": false,
	"spriteSourceSize": {"x":0,"y":0,"w":16,"h":16},
	"sourceSize": {"w":16,"h":16}
},
"koopah2.png":
{
	"frame": {"x":128,"y":16,"w":16,"h":16},
	"rotated": false,
	"trimmed": false,
	"spriteSourceSize": {"x":0,"y":0,"w":16,"h":16},
	"sourceSize": {"w":16,"h":16}
},
"mario1.png":
{
	"frame": {"x":0,"y":32,"w":16,"h":16},
	"rotated": false,
	"trimmed": false,
	"spriteSourceSize": {"x":0,"y":0,"w":16,"h":16},
	"sourceSize": {"w":16,"h":16}
},
"mario2.png":
{
	"frame": {"x":16,"y":32,"w":15,"h":16},
	"rotated": false,
	"trimmed": false,
	"spriteSourceSize": {"x":0,"y":0,"w":15,"h":16},
	"sourceSize": {"w":15,"h":16}
},
"mario3.png":
{
	"frame": {"x":31,"y":32,"w":16,"h":16},
	"rotated": false,
	"trimmed": false,
	"spriteSourceSize": {"x":0,"y":0,"w":16,"h":16},
	"sourceSize": {"w":16,"h":16}
},
"mariodeath.png":
{
	"frame": {"x":47,"y":32,"w":15,"h":16},
	"rotated": false,
	"trimmed": false,
	"spriteSourceSize": {"x":0,"y":0,"w":15,"h":16},
	"sourceSize": {"w":15,"h":16}
},
"mariodir.png":
{
	"frame": {"x":62,"y":32,"w":15,"h":16},
	"rotated": false,
	"trimmed": false,
	"spriteSourceSize": {"x":0,"y":0,"w":15,"h":16},
	"sourceSize": {"w":15,"h":16}
},
"marioflag1.png":
{
	"frame": {"x":77,"y":32,"w":15,"h":16},
	"rotated": false,
	"trimmed": false,
	"spriteSourceSize": {"x":0,"y":0,"w":15,"h":16},
	"sourceSize": {"w":15,"h":16}
},
"marioflag2.png":
{
	"frame": {"x":92,"y":32,"w":14,"h":16},
	"rotated": false,
	"trimmed": false,
	"spriteSourceSize": {"x":0,"y":0,"w":14,"h":16},
	"sourceSize": {"w":14,"h":16}
},
"mariojump.png":
{
	"frame": {"x":106,"y":32,"w":17,"h":16},
	"rotated": false,
	"trimmed": false,
	"spriteSourceSize": {"x":0,"y":0,"w":17,"h":16},
	"sourceSize": {"w":17,"h":16}
},
"marioneutral.png":
{
	"frame": {"x":123,"y":32,"w":15,"h":16},
	"rotated": false,
	"trimmed": false,
	"spriteSourceSize": {"x":0,"y":0,"w":15,"h":16},
	"sourceSize": {"w":15,"h":16}
},
"nothing.png":
{
	"frame": {"x":138,"y":32,"w":16,"h":16},
	"rotated": false,
	"trimmed": false,
	"spriteSourceSize": {"x":0,"y":0,"w":16,"h":16},
	"sourceSize": {"w":16,"h":16}
},
"plant1.png":
{
	"frame": {"x":0,"y":72,"w":16,"h":24},
	"rotated": false,
	"trimmed": false,
	"spriteSourceSize": {"x":0,"y":0,"w":16,"h":24},
	"sourceSize": {"w":16,"h":24}
},
"plant2.png":
{
	"frame": {"x":16,"y":72,"w":16,"h":24},
	"rotated": false,
	"trimmed": false,
	"spriteSourceSize": {"x":0,"y":0,"w":16,"h":24},
	"sourceSize": {"w":16,"h":24}
},
"rmushroom.png":
{
	"frame": {"x":0,"y":48,"w":16,"h":16},
	"rotated": false,
	"trimmed": false,
	"spriteSourceSize": {"x":0,"y":0,"w":16,"h":16},
	"sourceSize": {"w":16,"h":16}
},
"ubrblock1.png":
{
	"frame": {"x":16,"y":48,"w":15,"h":16},
	"rotated": false,
	"trimmed": false,
	"spriteSourceSize": {"x":0,"y":0,"w":15,"h":16},
	"sourceSize": {"w":15,"h":16}
},
"ubrblock1ug.png":
{
	"frame": {"x":31,"y":48,"w":16,"h":16},
	"rotated": false,
	"trimmed": false,
	"spriteSourceSize": {"x":0,"y":0,"w":16,"h":16},
	"sourceSize": {"w":16,"h":16}
},
"ubrblock2.png":
{
	"frame": {"x":47,"y":48,"w":16,"h":16},
	"rotated": false,
	"trimmed": false,
	"spriteSourceSize": {"x":0,"y":0,"w":16,"h":16},
	"sourceSize": {"w":16,"h":16}
},
"ubrblock2ug.png":
{
	"frame": {"x":63,"y":48,"w":16,"h":16},
	"rotated": false,
	"trimmed": false,
	"spriteSourceSize": {"x":0,"y":0,"w":16,"h":16},
	"sourceSize": {"w":16,"h":16}
},
"ugblock1.png":
{
	"frame": {"x":16,"y":0,"w":15,"h":15},
	"rotated": false,
	"trimmed": false,
	"spriteSourceSize": {"x":0,"y":0,"w":15,"h":15},
	"sourceSize": {"w":15,"h":15}
},
"ugblock2.png":
{
	"frame": {"x":31,"y":0,"w":15,"h":15},
	"rotated": false,
	"trimmed": false,
	"spriteSourceSize": {"x":0,"y":0,"w":15,"h":15},
	"sourceSize": {"w":15,"h":15}
},
"ughblock.png":
{
	"frame": {"x":46,"y":0,"w":16,"h":15},
	"rotated": false,
	"trimmed": false,
	"spriteSourceSize": {"x":0,"y":0,"w":16,"h":15},
	"sourceSize": {"w":16,"h":15}
}},
"meta": {
	"app": "https://www.codeandweb.com/texturepacker",
	"version": "1.0",
	"image": "spritesheet.png",
	"format": "RGBA8888",
	"size": {"w":154,"h":154},
	"scale": "1",
	"smartupdate": "$TexturePacker:SmartUpdate:98703bf410e8c7824791776511b02b20:87b7bee81b3e68821ee1f6bcb2376baf:729adc6043343cfda41c447ce8f464d6$"
}
}
